username,# following,# follower,category,bio
_bubblyabby_,251,8608,,"ğŸ”Nature explorer
ğŸ’¡Challenge seeker
ğŸ“¸Story teller
ğŸ¥‘Food hunter
ğŸµMusic lover"
amb_yiming,20,270,,Ambassador of China to the United Arab Emirates
ambassadedechine,76,2606,,ä¸­å›½é©»æ³•å›½å¤§ä½¿é¦†
ambcina,22,2203,Government Agencies,"Pagina ufficiale.
Seguici su Tiktok: @ambcina
TW: @ambcina
FB:  https://www.facebook.com/chineseembassyitaly"
anosiwang,326,248,,All I have to do is dream.
ayisha_elseeny13,192,42591,,Check my latest video about #algeria  here ğŸ‘‡
idiscoverbeijing,269,7129,None,Join our ride to discover the allures of Beijing. Tag @idiscoverbeijing or #DiscoverBeijing to give us permission to feature your content.
beijingreview,40,3210,,"Looking for the real story on #China? Follow Beijing Review magazine, Chinaâ€™s only English-language #news weekly."
ccginbelfast,1,53,,ä¸­å›½é©»è´å°”æ³•æ–¯ç‰¹æ€»é¢†äº‹é¦†
cctv_video_news_agency,106,2199,Publishers,The official Instagram account of CCTV Video News Agency.
cgtn_inheritors,7,594,None,About intangible cultural heritage
cgtn_africa,82,41580,None,"China Global Television Network (CGTN) is an international media organization launched on December 31, 2016"
cgtnamerica,7,306751,None,"Material is distributed by MediaLinks TV, LLC on behalf of CCTV. Additional information is available at the Department of Justice, Washington, D.C."
cgtnamerica,7,306753,None,"Material is distributed by MediaLinks TV, LLC on behalf of CCTV. Additional information is available at the Department of Justice, Washington, D.C."
cgtnarabic,5,178328,Publishers,"Ø§Ù„Ù‚Ù†Ø§Ø© Ø§Ù„Ø¹Ø±Ø¨ÙŠØ© Ù„Ø´Ø¨ÙƒØ© ØªÙ„ÙØ²ÙŠÙˆÙ† Ø§Ù„ØµÙŠÙ† Ø§Ù„Ø¯ÙˆÙ„ÙŠØ©
Ù…Ø¤Ø³Ø³Ø© Ø¥Ø¹Ù„Ø§Ù…ÙŠØ© Ø±Ø§Ø¦Ø¯Ø© ÙÙŠ Ø§Ù„ØµÙŠÙ†
ØªØ¹Ù…Ù„ Ø¹Ù„Ù‰ Ø§Ù„ØªØ¨Ø§Ø¯Ù„ ÙˆØ§Ù„Ø­ÙˆØ§Ø± Ø¨ÙŠÙ† Ø§Ù„ØµÙŠÙ† ÙˆØ§Ù„Ø¹Ø§Ù„Ù… Ø§Ù„Ø¹Ø±Ø¨ÙŠ"
cgtneurope,22,31180,None,ğŸ‡¨ğŸ‡³ğŸ‡ªğŸ‡º China Global Television Network in Europe
cgtnfrancais,44,238974,,ActualitÃ©s internationales avec un accent mis sur la Chine. CGTN FranÃ§ais est une chaÃ®ne de tÃ©lÃ©vision chinoise francophone.
cgtn,7,2354895,,CGTN aims to provide global audiences with accurate and timely news coverage as well as rich audiovisual services.
cgtn_russian,13,889,,Ğ¡ĞœĞ˜/Ğ¸Ğ½Ñ„Ğ¾Ñ€Ğ¼Ğ°Ñ†Ğ¸Ğ¾Ğ½Ğ½Ğ¾Ğµ Ğ°Ğ³ĞµĞ½Ñ‚ÑÑ‚Ğ²Ğ¾
cgtn_sports_scene,17,2620,,"ğŸ“ºOfficial sports show on CGTN
â›¹ğŸ»Discover latest sports news
ğŸ‘€inside opinions from China and around the world."
cgtntravelogue,21,2003,None,
chinaemb_ua,11,1872,None,"Welcome to the official Instagram page of the Chinese Embassy in Ukraine!
Ğ›Ğ°ÑĞºĞ°Ğ²Ğ¾ Ğ¿Ñ€Ğ¾ÑĞ¸Ğ¼Ğ¾ Ğ½Ğ° Ğ¾Ñ„Ñ–Ñ†Ñ–Ğ¹Ğ½Ñƒ Instagram ÑÑ‚Ğ¾Ñ€Ñ–Ğ½ĞºÑƒ ĞŸĞ¾ÑĞ¾Ğ»ÑŒÑÑ‚Ğ²Ğ° ĞšĞ¸Ñ‚Ğ°Ñ Ğ² Ğ£ĞºÑ€Ğ°Ñ—Ğ½Ñ–!"
chinacg_nyc,114,72890,None,"Get to know us more 
Facebook: Chinese Consul General in New York Huang Ping
Twitter: ChinaCG_NYC
YouTube: Chinese Consulate General in New York"
chinaconsalmaty,385,2711,,"â˜ï¸87272700221
ğŸ’Œchinaconsul_alm@mfa.gov.cn"
chinadailynews,2,1513560,None,"Your China news. On time, all the time."
chinaemb_hellas,170,1433,,Î‘Ï…Ï„ÏŒÏ‚ ÎµÎ¯Î½Î±Î¹ Î¿ ÎµÏ€Î¯ÏƒÎ·Î¼Î¿Ï‚ Î»Î¿Î³Î±ÏÎ¹Î±ÏƒÎ¼ÏŒÏ‚ Ï„Î·Ï‚ Î ÏÎµÏƒÎ²ÎµÎ¯Î±Ï‚ Ï„Î·Ï‚ ÎšÎ¯Î½Î±Ï‚ ÏƒÏ„Î·Î½ Î•Î»Î»Î¬Î´Î±.
chinaemb_hellas,170,1433,,Î‘Ï…Ï„ÏŒÏ‚ ÎµÎ¯Î½Î±Î¹ Î¿ ÎµÏ€Î¯ÏƒÎ·Î¼Î¿Ï‚ Î»Î¿Î³Î±ÏÎ¹Î±ÏƒÎ¼ÏŒÏ‚ Ï„Î·Ï‚ Î ÏÎµÏƒÎ²ÎµÎ¯Î±Ï‚ Ï„Î·Ï‚ ÎšÎ¯Î½Î±Ï‚ ÏƒÏ„Î·Î½ Î•Î»Î»Î¬Î´Î±.
chinaembajada,93,6758,,Cuenta oficial de la Embajada de la RepÃºblica Popular China en la RepÃºblica Dominicana
chinesische.botschaft,1,527,None,"Twitter der Botschaft der Volksrepublik China in der Bundesrepublik Deutschland.
ğŸ‡¨ğŸ‡³ğŸ¤ğŸ‡©ğŸ‡ª"
chinaembkazakh,6,2568,,ĞŸĞ¾ÑĞ¾Ğ»ÑŒÑÑ‚Ğ²Ğ¾ ĞšĞ¸Ñ‚Ğ°Ğ¹ÑĞºĞ¾Ğ¹ ĞĞ°Ñ€Ğ¾Ğ´Ğ½Ğ¾Ğ¹ Ğ ĞµÑĞ¿ÑƒĞ±Ğ»Ğ¸ĞºĞ¸ Ğ² ĞšĞ°Ğ·Ğ°Ñ…ÑÑ‚Ğ°Ğ½Ğµ
china.org.cn_fr,11,4209,,
chinaorgcnnews,2,121,,China's national online news service
chloezhou21,109,1683,,
cocostudioenchine,1,4271,,"ğŸ‘§ğŸ»ğŸ‡¨ğŸ‡³Je vous partage les Infos de la Chine d'un point de vue authentique, et aussi de nouvelles dÃ©couvertes intÃ©ressantes du monde entierï¼"
chineseconsulate,1,471,,"Official Instagram account of the Chinese Consulate General in San Francisco which covers Northern California, Nevada, Oregon, Washington, and Alaska."
cri_francais,3,11075,Home Services,"Radio Chine Internationale parle de tout ce qui se rapporte Ã  la Chine : politique, Ã©conomie, culture, tourisme et sociÃ©tÃ©."
china_state_construction,40,34463,None,The official account of China State Construction Engineering Corporation (CSCEC)
iamdanni131,157,84,,"Fan of palm trees, cats and the ocean."
w.dier,10,139,,
embaixadachina,231,126779,None,"Perfil oficial da Embaixada da RepÃºblica Popular da China na RepÃºblica Federativa do Brasil ğŸ‡¨ğŸ‡³ğŸ‡§ğŸ‡·
NOSSAS REDES â†´"
fayhaa_china,76,14892,,"âœğŸ»Ø¥Ø¹Ù„Ø§Ù…ÙŠØ© ØµÙŠÙ†ÙŠØ©
Chinese journalist"
guanxin0411,17,684,,"Anchor, reporter in Beijing, China. Host of GlobalBusiness and BizTalk on CGTN."
gwadarpro,4,154,None,"Gwadar Pro mobile app serves as guide to live, invest and interact in Gwadar Port. Available on iOS and Android"
haiwainet.us,16,21727,None,"Official site of the People's Daily US edition
Provide top news and stories around the China and the world. One of China's most influential new media."
henantv,174,546,,"Here, you will appreciate the colorful traditional culture in a new wayï¼"
iChongqing.info,391,11560,,"All about Chongqing, Chinaâ€™s hidden metropolis.
ğŸ’ŒæŠ•ç¨¿ï½œContribute: @ichongqing.info or #ichongqing"
idiscoverchina,436,69526,None,"Discover China explores the cities of China through their culture, history, must-sees, people, and experiences. Join our journey and have fun!"
imqitong,79,707,,"ĞšĞ¸Ñ‚Ğ°ÑĞ½ĞºĞ°, ĞºĞ¾Ñ‚Ğ¾Ñ€Ğ°Ñ Ğ³Ğ¾Ğ²Ğ¾Ñ€Ğ¸Ñ‚ Ğ¿Ğ¾-Ñ€ÑƒÑÑĞºĞ¸.
Ğ£Ñ‡Ğ¸Ğ»Ğ° ÑĞ·Ñ‹Ğº Ğ² Ğ Ğ¾ÑÑĞ¸Ğ¸ 7 Ğ»ĞµÑ‚."
ipandachannel,9,2416388,,"A panda a day, keeps your sorrow awayâœ¨
iPanda=â¤ï¸ğŸ¼
ğŸŒLet iPanda help you getÂ upÂ closeÂ to pandas and other precious wildlife. ğŸ¾"
ipandachannel,9,2416384,,"A panda a day, keeps your sorrow awayâœ¨
iPanda=â¤ï¸ğŸ¼
ğŸŒLet iPanda help you getÂ upÂ closeÂ to pandas and other precious wildlife. ğŸ¾"
jessica_zang1018,244,8422,,Interpreting Learner  | Traveler ï½œ Photograph Lover | Enjoy Cooking & Drinking
jj_ontheroad,74,23927,None,Chinese. Traveler & journalist. Build connections with people from the world through travels and â€œTalk It Out.â€
mfa_chn,29,28370,,Follow us to know more about China's Diplomacy.
miaoxiaojuan,114,2445,,"Journalist / Host / Creative Producer
Chinese national, global citizen."
miss_wow66,140,6818,,"ğŸš€Tech & Business Reporter in China 
ğŸ”¥ Influencer with 1.3M Followers on Facebook"
monicazhang0415,191,288,,"ğŸ¿Sharing the Love for Life, Cinema, Videos & more.
ğŸFB&Twitter: @mmMonicaZhang|YT: MonicaZhang"
modernexpress_en,91,473,None,"Modern Express (ç°ä»£å¿«æŠ¥) is one of Chinaâ€™s leading media, providing fast, original and in-depth news and opinion."
ooeieiwyy,21,70,,
